{"business_id": "1Dfx3zM-rW4n-31KeC8sJg", "name": "Taco Bell", "address": "2450 E Indian School Rd", "city": "Phoenix", "state": "AZ", "postal_code": "85016", "latitude": 33.4951941, "longitude": -112.0285876, "stars": "3.0", "categories": ["Restaurants", "Breakfast & Brunch", "Mexican", "Tacos", "Tex-Mex", "Fast Food"], "mondayStart": "7:0", "mondayEnd": "0:0", "tuesdayStart": "7:0", "tuesdayEnd": "0:0", "wednesdayStart": "7:0", "wednesdayEnd": "0:0", "thursdayStart": "7:0", "thursdayEnd": "1:0", "fridayStart": "7:0", "fridayEnd": "1:0", "saturdayStart": "7:0", "saturdayEnd": "1:0", "sundayStart": "7:0", "sundayEnd": "0:0"}
{"business_id": "Rs8Wi4OEjeOX7LVlzsXDOA", "name": "Sushi Mocorito", "address": "3415 West Glendale Ave, Bldg 25A", "city": "Phoenix", "state": "AZ", "postal_code": "85051", "latitude": 33.5371638, "longitude": -112.1329258, "stars": "3.0", "categories": ["Restaurants", "Mexican", "Sushi Bars"], "mondayStart": "11:0", "mondayEnd": "22:0", "tuesdayStart": "11:0", "tuesdayEnd": "22:0", "wednesdayStart": "11:0", "wednesdayEnd": "22:0", "thursdayStart": "11:0", "thursdayEnd": "22:0", "fridayStart": "11:0", "fridayEnd": "23:0", "saturdayStart": "11:0", "saturdayEnd": "23:0", "sundayStart": "11:0", "sundayEnd": "22:0"}
{"business_id": "dUffgo9Lh_Vk9TLuFR5ywg", "name": "Oregano's Pizza Bistro", "address": "1008 E Camelback Rd", "city": "Phoenix", "state": "AZ", "postal_code": "85014", "latitude": 33.50951, "longitude": -112.060238, "stars": "3.5", "categories": ["Restaurants", "Pizza", "Sandwiches", "Italian"], "mondayStart": "11:0", "mondayEnd": "22:0", "tuesdayStart": "11:0", "tuesdayEnd": "22:0", "wednesdayStart": "11:0", "wednesdayEnd": "22:0", "thursdayStart": "11:0", "thursdayEnd": "22:0", "fridayStart": "11:0", "fridayEnd": "22:0", "saturdayStart": "11:0", "saturdayEnd": "22:0", "sundayStart": "11:0", "sundayEnd": "22:0"}
{"business_id": "idF2DJg-WBk4eo2yY_7sHA", "name": "Cave Creek Tap Haus", "address": "6900 E Cave Creek Rd", "city": "Cave Creek", "state": "AZ", "postal_code": "85331", "latitude": 33.8308826, "longitude": -111.9329429, "stars": "2.5", "categories": ["Restaurants", "American (New)"], "mondayStart": "11:0", "mondayEnd": "22:0", "tuesdayStart": "11:0", "tuesdayEnd": "22:0", "wednesdayStart": "11:0", "wednesdayEnd": "22:0", "thursdayStart": "11:0", "thursdayEnd": "22:0", "fridayStart": "11:0", "fridayEnd": "0:0", "saturdayStart": "11:0", "saturdayEnd": "0:0", "sundayStart": "11:0", "sundayEnd": "22:0"}
{"business_id": "pRXgWOIiQPEbosMrylsdLA", "name": "Chick Rotisserie & Wine Bar", "address": "3943 E Camelback Rd", "city": "Phoenix", "state": "AZ", "postal_code": "85018", "latitude": 33.5097861, "longitude": -111.9965163, "stars": "3.0", "categories": ["Restaurants", "American (Traditional)", "Nightlife", "Bars"], "mondayStart": "11:0", "mondayEnd": "22:0", "tuesdayStart": "11:0", "tuesdayEnd": "22:0", "wednesdayStart": "11:0", "wednesdayEnd": "22:0", "thursdayStart": "11:0", "thursdayEnd": "22:0", "fridayStart": "11:0", "fridayEnd": "22:0", "saturdayStart": "11:0", "saturdayEnd": "22:0", "sundayStart": "11:0", "sundayEnd": "22:0"}
{"business_id": "9vub2LM7Djy8P-LPumcLXA", "name": "Tacos Chiwas", "address": "1923 E Mcdowell Rd", "city": "Phoenix", "state": "AZ", "postal_code": "85006", "latitude": 33.465551, "longitude": -112.0401151, "stars": "4.5", "categories": ["Restaurants", "Latin American", "Mexican", "Tacos"], "mondayStart": "0:0", "mondayEnd": "0:0", "tuesdayStart": "10:0", "tuesdayEnd": "21:0", "wednesdayStart": "10:0", "wednesdayEnd": "21:0", "thursdayStart": "10:0", "thursdayEnd": "21:0", "fridayStart": "10:0", "fridayEnd": "21:0", "saturdayStart": "10:0", "saturdayEnd": "16:0", "sundayStart": "10:0", "sundayEnd": "16:0"}
{"business_id": "WZe-1SFcErsOT7gZY_x6wQ", "name": "Denny's", "address": "14799 W Grand Ave", "city": "Surprise", "state": "AZ", "postal_code": "85374", "latitude": 33.6589000674, "longitude": -112.376867598, "stars": "2.5", "categories": ["Restaurants", "Diners", "Breakfast & Brunch", "American (Traditional)"], "mondayStart": "0:0", "mondayEnd": "0:0", "tuesdayStart": "0:0", "tuesdayEnd": "0:0", "wednesdayStart": "0:0", "wednesdayEnd": "0:0", "thursdayStart": "0:0", "thursdayEnd": "0:0", "fridayStart": "0:0", "fridayEnd": "0:0", "saturdayStart": "0:0", "saturdayEnd": "0:0", "sundayStart": "0:0", "sundayEnd": "0:0"}
{"business_id": "qOuyItOatd-TF5kzhUlA9g", "name": "Starbucks", "address": "4815 E. Carfree highway", "city": "Cave Creek", "state": "AZ", "postal_code": "85331", "latitude": 33.79740989, "longitude": -111.9769144, "stars": "4.5", "categories": ["Restaurants", "Food", "Coffee & Tea"], "mondayStart": "5:0", "mondayEnd": "20:0", "tuesdayStart": "5:0", "tuesdayEnd": "20:0", "wednesdayStart": "5:0", "wednesdayEnd": "20:0", "thursdayStart": "5:0", "thursdayEnd": "20:0", "fridayStart": "5:0", "fridayEnd": "20:0", "saturdayStart": "5:0", "saturdayEnd": "20:0", "sundayStart": "5:0", "sundayEnd": "20:0"}
{"business_id": "ncXQtqJT5Gk1QztwTrBrgw", "name": "New York Bagels 'N Bialys", "address": "10320 N Scottsdale Rd", "city": "Scottsdale", "state": "AZ", "postal_code": "85253", "latitude": 33.5796797, "longitude": -111.9275444, "stars": "4.0", "categories": ["Restaurants", "Delis", "Breakfast & Brunch", "American (Traditional)", "Food", "Bakeries", "Bagels"], "mondayStart": "6:30", "mondayEnd": "12:0", "tuesdayStart": "6:30", "tuesdayEnd": "15:0", "wednesdayStart": "6:30", "wednesdayEnd": "15:0", "thursdayStart": "6:30", "thursdayEnd": "15:0", "fridayStart": "6:30", "fridayEnd": "14:0", "saturdayStart": "6:30", "saturdayEnd": "15:0", "sundayStart": "6:30", "sundayEnd": "12:0"}
{"business_id": "sQ6DZZLLJRfwUr0eDWKDDg", "name": "Tott's Asian Diner", "address": "4030 W Ray Rd, Ste 1", "city": "Chandler", "state": "AZ", "postal_code": "85226", "latitude": 33.3212645, "longitude": -111.9116902, "stars": "4.0", "categories": ["Restaurants", "Chinese", "Asian Fusion"], "mondayStart": "10:30", "mondayEnd": "21:30", "tuesdayStart": "10:30", "tuesdayEnd": "21:30", "wednesdayStart": "10:30", "wednesdayEnd": "21:30", "thursdayStart": "10:30", "thursdayEnd": "21:30", "fridayStart": "10:30", "fridayEnd": "22:0", "saturdayStart": "10:30", "saturdayEnd": "22:0", "sundayStart": "11:30", "sundayEnd": "21:30"}
{"business_id": "n-m449doCYEPAb5ux3dmVg", "name": "Little Caesars", "address": "16605 E Palisades Blvd, Ste 102", "city": "Fountain Hills", "state": "AZ", "postal_code": "85268", "latitude": 33.6088013816, "longitude": -111.7218312955, "stars": "3.0", "categories": ["Restaurants", "Pizza"], "mondayStart": "10:0", "mondayEnd": "21:0", "tuesdayStart": "10:0", "tuesdayEnd": "21:0", "wednesdayStart": "10:0", "wednesdayEnd": "21:0", "thursdayStart": "10:0", "thursdayEnd": "21:0", "fridayStart": "10:0", "fridayEnd": "22:0", "saturdayStart": "10:0", "saturdayEnd": "22:0", "sundayStart": "10:0", "sundayEnd": "21:0"}
{"business_id": "JS9kiCf8YuHWbCnHQDSkrA", "name": "Palm Court Restaurant", "address": "7700 E McCormick Pkwy", "city": "Scottsdale", "state": "AZ", "postal_code": "85258", "latitude": 33.5487869, "longitude": -111.9154827, "stars": "4.0", "categories": ["Restaurants", "American (New)"], "mondayStart": "18:0", "mondayEnd": "22:0", "tuesdayStart": "18:0", "tuesdayEnd": "22:0", "wednesdayStart": "18:0", "wednesdayEnd": "22:0", "thursdayStart": "18:0", "thursdayEnd": "22:0", "fridayStart": "18:0", "fridayEnd": "22:0", "saturdayStart": "18:0", "saturdayEnd": "22:0", "sundayStart": "18:0", "sundayEnd": "22:0"}
{"business_id": "NpFtNc51LaZr8Y5_o2wRaw", "name": "Texas Roadhouse", "address": "16079 N Arrowhead Fountains Center Dr", "city": "Peoria", "state": "AZ", "postal_code": "85382", "latitude": 33.6321621, "longitude": -112.2375661, "stars": "3.5", "categories": ["Restaurants", "American (Traditional)", "Steakhouses", "Barbeque"], "mondayStart": "16:0", "mondayEnd": "22:0", "tuesdayStart": "16:0", "tuesdayEnd": "22:0", "wednesdayStart": "16:0", "wednesdayEnd": "22:0", "thursdayStart": "16:0", "thursdayEnd": "22:0", "fridayStart": "15:0", "fridayEnd": "23:0", "saturdayStart": "11:0", "saturdayEnd": "23:0", "sundayStart": "11:0", "sundayEnd": "22:0"}
{"business_id": "-X61Cipa9OOtY7ZnDw_f4A", "name": "Subway", "address": "4303 W Peoria Ave", "city": "Glendale", "state": "AZ", "postal_code": "85302", "latitude": 33.5814942, "longitude": -112.15194, "stars": "4.0", "categories": ["Restaurants", "Sandwiches", "Fast Food"], "mondayStart": "7:0", "mondayEnd": "22:0", "tuesdayStart": "7:0", "tuesdayEnd": "22:0", "wednesdayStart": "7:0", "wednesdayEnd": "22:0", "thursdayStart": "7:0", "thursdayEnd": "22:0", "fridayStart": "7:0", "fridayEnd": "22:0", "saturdayStart": "8:0", "saturdayEnd": "22:0", "sundayStart": "9:0", "sundayEnd": "21:0"}
{"business_id": "0yHY4FHCTOIshPiPc9EYBQ", "name": "Smashburger", "address": "3400 E Sky Harbor Blvd, Terminal 4, Space T4-F30", "city": "Phoenix", "state": "AZ", "postal_code": "85034", "latitude": 33.435548, "longitude": -111.997993, "stars": "3.5", "categories": ["Restaurants", "Burgers"], "mondayStart": "7:0", "mondayEnd": "21:0", "tuesdayStart": "7:0", "tuesdayEnd": "21:0", "wednesdayStart": "7:0", "wednesdayEnd": "21:0", "thursdayStart": "7:0", "thursdayEnd": "21:0", "fridayStart": "7:0", "fridayEnd": "21:0", "saturdayStart": "7:0", "saturdayEnd": "21:0", "sundayStart": "7:0", "sundayEnd": "21:0"}
{"business_id": "VbqtbvvtNOe-YKA61-fSNA", "name": "Armadillo Grill", "address": "1904 E Camelback Rd", "city": "Phoenix", "state": "AZ", "postal_code": "85016", "latitude": 33.509564, "longitude": -112.0408787, "stars": "4.0", "categories": ["Restaurants", "Bars", "Nightlife", "Sports Bars", "American (Traditional)"], "mondayStart": "0:0", "mondayEnd": "0:0", "tuesdayStart": "11:0", "tuesdayEnd": "2:0", "wednesdayStart": "11:0", "wednesdayEnd": "2:0", "thursdayStart": "11:0", "thursdayEnd": "2:0", "fridayStart": "11:0", "fridayEnd": "2:0", "saturdayStart": "11:0", "saturdayEnd": "2:0", "sundayStart": "10:0", "sundayEnd": "23:0"}
{"business_id": "XuLXX5B5W1P-iNpgXmqmjQ", "name": "Subway", "address": "14175 W Indian School Rd", "city": "Goodyear", "state": "AZ", "postal_code": "85338", "latitude": 33.484027, "longitude": -112.363106, "stars": "2.0", "categories": ["Restaurants", "Fast Food", "Sandwiches"], "mondayStart": "8:0", "mondayEnd": "22:0", "tuesdayStart": "8:0", "tuesdayEnd": "22:0", "wednesdayStart": "8:0", "wednesdayEnd": "22:0", "thursdayStart": "8:0", "thursdayEnd": "22:0", "fridayStart": "8:0", "fridayEnd": "22:0", "saturdayStart": "8:0", "saturdayEnd": "22:0", "sundayStart": "9:0", "sundayEnd": "22:0"}
{"business_id": "RtezzamKiC6Y607SJuqQIA", "name": "Max's Mukhaase", "address": "2160 N Alma School Rd, Ste 116", "city": "Chandler", "state": "AZ", "postal_code": "85224", "latitude": 33.3374534, "longitude": -111.8600724, "stars": "4.0", "categories": ["Restaurants", "African"], "mondayStart": "Null", "mondayEnd": "Null", "tuesdayStart": "11:0", "tuesdayEnd": "23:0", "wednesdayStart": "11:0", "wednesdayEnd": "23:0", "thursdayStart": "11:0", "thursdayEnd": "23:0", "fridayStart": "11:0", "fridayEnd": "23:0", "saturdayStart": "11:0", "saturdayEnd": "23:0", "sundayStart": "11:0", "sundayEnd": "23:0"}
{"business_id": "DNkuGBECRqLSb7nmsHh6-Q", "name": "CCV Peoria Cafe & Coffee Shop", "address": "7007 W Happy Valley Rd", "city": "Peoria", "state": "AZ", "postal_code": "85383", "latitude": 33.7104983995, "longitude": -112.2081542015, "stars": "4.5", "categories": ["Restaurants", "Coffee & Tea", "Cafes", "Food"], "mondayStart": "Null", "mondayEnd": "Null", "tuesdayStart": "Null", "tuesdayEnd": "Null", "wednesdayStart": "8:30", "wednesdayEnd": "10:30", "thursdayStart": "Null", "thursdayEnd": "Null", "fridayStart": "Null", "fridayEnd": "Null", "saturdayStart": "15:30", "saturdayEnd": "19:30", "sundayStart": "8:0", "sundayEnd": "13:0"}
{"business_id": "ksZfCKQHYdCu0e8KbMuBDg", "name": "Olives Mediterranean Grill", "address": "4575 E Cactus Rd, Ste 140", "city": "Phoenix", "state": "AZ", "postal_code": "85032", "latitude": 33.5993478, "longitude": -111.9835952, "stars": "4.0", "categories": ["Restaurants", "Vegetarian", "Mediterranean", "Middle Eastern"], "mondayStart": "0:0", "mondayEnd": "0:0", "tuesdayStart": "10:30", "tuesdayEnd": "20:30", "wednesdayStart": "10:30", "wednesdayEnd": "20:30", "thursdayStart": "10:30", "thursdayEnd": "20:30", "fridayStart": "10:30", "fridayEnd": "20:30", "saturdayStart": "10:30", "saturdayEnd": "20:30", "sundayStart": "11:0", "sundayEnd": "14:45"}
{"business_id": "jAO8qYbiYZNbmhK8Knr9Mg", "name": "Rev Bistro", "address": "1625 W Fountainhead Pkwy", "city": "Tempe", "state": "AZ", "postal_code": "85282", "latitude": 33.4020704, "longitude": -111.9660244, "stars": "3.5", "categories": ["Restaurants", "Sandwiches"], "mondayStart": "9:0", "mondayEnd": "22:30", "tuesdayStart": "9:0", "tuesdayEnd": "22:30", "wednesdayStart": "9:0", "wednesdayEnd": "22:30", "thursdayStart": "9:0", "thursdayEnd": "22:30", "fridayStart": "9:0", "fridayEnd": "22:30", "saturdayStart": "9:0", "saturdayEnd": "23:30", "sundayStart": "9:0", "sundayEnd": "22:30"}
{"business_id": "TP6hgLCNGkqjFne9nCfaiA", "name": "Fred's at Barneys New York", "address": "Scottsdale Fashion Square, 4500 Scottsdale Rd", "city": "Scottsdale", "state": "AZ", "postal_code": "85251", "latitude": 33.493947, "longitude": -111.922301, "stars": "4.0", "categories": ["Restaurants", "American (New)", "Italian"], "mondayStart": "11:0", "mondayEnd": "19:0", "tuesdayStart": "11:0", "tuesdayEnd": "19:0", "wednesdayStart": "11:0", "wednesdayEnd": "19:0", "thursdayStart": "11:0", "thursdayEnd": "19:0", "fridayStart": "11:0", "fridayEnd": "19:0", "saturdayStart": "11:0", "saturdayEnd": "19:0", "sundayStart": "Null", "sundayEnd": "Null"}
{"business_id": "G_1M9_yX5ThAROn1zKKpQg", "name": "Panda Express", "address": "11555 W Van Buren St", "city": "Avondale", "state": "AZ", "postal_code": "85323", "latitude": 33.4490139, "longitude": -112.3079079, "stars": "2.5", "categories": ["Restaurants", "Fast Food", "Chinese"], "mondayStart": "10:0", "mondayEnd": "21:30", "tuesdayStart": "10:0", "tuesdayEnd": "21:30", "wednesdayStart": "10:0", "wednesdayEnd": "21:30", "thursdayStart": "10:0", "thursdayEnd": "21:30", "fridayStart": "10:0", "fridayEnd": "21:30", "saturdayStart": "10:0", "saturdayEnd": "21:30", "sundayStart": "10:30", "sundayEnd": "21:30"}
{"business_id": "Fe4o11JYvB0NCTFC1GLITQ", "name": "Dickey's Barbecue Pit", "address": "10005 W McDowell Rd, Ste 101", "city": "Avondale", "state": "AZ", "postal_code": "85392", "latitude": 33.4643167426, "longitude": -112.2751433775, "stars": "3.5", "categories": ["Restaurants", "Barbeque", "American (Traditional)", "American (New)", "Southern"], "mondayStart": "11:0", "mondayEnd": "21:0", "tuesdayStart": "11:0", "tuesdayEnd": "21:0", "wednesdayStart": "11:0", "wednesdayEnd": "21:0", "thursdayStart": "11:0", "thursdayEnd": "21:0", "fridayStart": "11:0", "fridayEnd": "21:0", "saturdayStart": "11:0", "saturdayEnd": "21:0", "sundayStart": "11:0", "sundayEnd": "21:0"}
{"business_id": "UFasbkbT9-U7M4Qh6bD2cw", "name": "Tha Spot BBQ", "address": "4356 W Thunderbird Rd", "city": "Glendale", "state": "AZ", "postal_code": "85306", "latitude": 33.611161, "longitude": -112.153974, "stars": "5.0", "categories": ["Restaurants", "Barbeque"], "mondayStart": "Null", "mondayEnd": "Null", "tuesdayStart": "6:0", "tuesdayEnd": "14:0", "wednesdayStart": "6:0", "wednesdayEnd": "14:0", "thursdayStart": "6:0", "thursdayEnd": "14:0", "fridayStart": "6:0", "fridayEnd": "14:0", "saturdayStart": "6:0", "saturdayEnd": "14:0", "sundayStart": "12:0", "sundayEnd": "19:0"}
{"business_id": "65e61KHNShcDeRixzJ6o2Q", "name": "Asiana Kitchen Tofu & Grill", "address": "1133 S Dobson Rd", "city": "Mesa", "state": "AZ", "postal_code": "85202", "latitude": 33.3940119, "longitude": -111.8729745, "stars": "3.5", "categories": ["Restaurants", "Korean"], "mondayStart": "16:0", "mondayEnd": "20:0", "tuesdayStart": "16:0", "tuesdayEnd": "20:0", "wednesdayStart": "16:0", "wednesdayEnd": "20:0", "thursdayStart": "16:0", "thursdayEnd": "20:0", "fridayStart": "16:0", "fridayEnd": "20:0", "saturdayStart": "16:0", "saturdayEnd": "20:0", "sundayStart": "16:0", "sundayEnd": "20:0"}
{"business_id": "036SeqOKaKx89Liw5RDKqA", "name": "Francisco's Mexican Food", "address": "3233 E Chandler Blvd, Ste 6-A", "city": "Phoenix", "state": "AZ", "postal_code": "85048", "latitude": 33.3046352, "longitude": -112.0125228, "stars": "4.0", "categories": ["Restaurants", "Mexican"], "mondayStart": "8:0", "mondayEnd": "21:0", "tuesdayStart": "8:0", "tuesdayEnd": "21:0", "wednesdayStart": "8:0", "wednesdayEnd": "21:0", "thursdayStart": "8:0", "thursdayEnd": "21:0", "fridayStart": "8:0", "fridayEnd": "21:0", "saturdayStart": "8:0", "saturdayEnd": "20:0", "sundayStart": "8:0", "sundayEnd": "18:0"}
{"business_id": "rfdMlP5V4p37n3cDDGLFbg", "name": "Salty Se\u00f1orita", "address": "1860 S Stapley Dr", "city": "Mesa", "state": "AZ", "postal_code": "85209", "latitude": 33.3809022, "longitude": -111.8069973, "stars": "2.5", "categories": ["Restaurants", "Mexican"], "mondayStart": "15:0", "mondayEnd": "1:0", "tuesdayStart": "15:0", "tuesdayEnd": "1:0", "wednesdayStart": "15:0", "wednesdayEnd": "1:0", "thursdayStart": "15:0", "thursdayEnd": "1:0", "fridayStart": "11:0", "fridayEnd": "2:0", "saturdayStart": "11:0", "saturdayEnd": "2:0", "sundayStart": "10:0", "sundayEnd": "1:0"}
{"business_id": "F2F6rJ_SPo-lUhJ_AmufLA", "name": "Tammie Coe Cakes", "address": "610 E Roosevelt St, Ste 145", "city": "Phoenix", "state": "AZ", "postal_code": "85004", "latitude": 33.4586921291, "longitude": -112.0655679703, "stars": "4.0", "categories": ["Restaurants", "Bakeries", "Desserts", "Coffee & Tea", "Food", "Sandwiches"], "mondayStart": "Null", "mondayEnd": "Null", "tuesdayStart": "8:0", "tuesdayEnd": "18:0", "wednesdayStart": "8:0", "wednesdayEnd": "18:0", "thursdayStart": "8:0", "thursdayEnd": "18:0", "fridayStart": "8:0", "fridayEnd": "18:0", "saturdayStart": "9:0", "saturdayEnd": "14:0", "sundayStart": "Null", "sundayEnd": "Null"}
{"business_id": "7kXlvkT5b-bIFa2dIecabQ", "name": "Press Coffee - Palette Chandler", "address": "505 S Chandler Village Dr", "city": "Chandler", "state": "AZ", "postal_code": "85226", "latitude": 33.2944435, "longitude": -111.9014334, "stars": "4.5", "categories": ["Restaurants", "Coffee Roasteries", "Breakfast & Brunch", "Food", "Coffee & Tea"], "mondayStart": "Null", "mondayEnd": "Null", "tuesdayStart": "8:0", "tuesdayEnd": "16:0", "wednesdayStart": "8:0", "wednesdayEnd": "16:0", "thursdayStart": "8:0", "thursdayEnd": "16:0", "fridayStart": "8:0", "fridayEnd": "16:0", "saturdayStart": "8:0", "saturdayEnd": "16:0", "sundayStart": "Null", "sundayEnd": "Null"}
{"business_id": "fyJAqmweGm8VXnpU4CWGNw", "name": "French Grocery", "address": "5345 N 7th Ave", "city": "Phoenix", "state": "AZ", "postal_code": "85013", "latitude": 33.5164493875, "longitude": -112.0821531733, "stars": "4.0", "categories": ["Restaurants", "Bars", "Wine Bars", "Bakeries", "Coffee & Tea", "Breakfast & Brunch", "Food", "French", "Macarons", "Nightlife", "Grocery", "Specialty Food", "Beer", "Wine & Spirits"], "mondayStart": "0:0", "mondayEnd": "0:0", "tuesdayStart": "7:0", "tuesdayEnd": "22:0", "wednesdayStart": "7:0", "wednesdayEnd": "22:0", "thursdayStart": "7:0", "thursdayEnd": "22:0", "fridayStart": "7:0", "fridayEnd": "22:0", "saturdayStart": "8:0", "saturdayEnd": "22:0", "sundayStart": "8:0", "sundayEnd": "15:0"}
{"business_id": "zLHOG9ty0OcXSQ6iy2BwwA", "name": "McDonald's", "address": "545 E Mcdowell", "city": "Phoenix", "state": "AZ", "postal_code": "85007", "latitude": 33.4650899155, "longitude": -112.0655664057, "stars": "2.0", "categories": ["Restaurants", "Burgers", "Coffee & Tea", "Fast Food", "Food"], "mondayStart": "4:30", "mondayEnd": "0:0", "tuesdayStart": "4:30", "tuesdayEnd": "0:0", "wednesdayStart": "4:30", "wednesdayEnd": "0:0", "thursdayStart": "4:30", "thursdayEnd": "0:0", "fridayStart": "4:30", "fridayEnd": "4:0", "saturdayStart": "4:30", "saturdayEnd": "4:0", "sundayStart": "4:30", "sundayEnd": "0:0"}
{"business_id": "ivjJxc3IhwrY8r-ESilEiQ", "name": "Whyld Ass", "address": "4810 N 7th St", "city": "Phoenix", "state": "AZ", "postal_code": "85014", "latitude": 33.5082255667, "longitude": -112.0654389911, "stars": "4.5", "categories": ["Restaurants", "Vegan"], "mondayStart": "6:30", "mondayEnd": "17:0", "tuesdayStart": "6:30", "tuesdayEnd": "17:0", "wednesdayStart": "6:30", "wednesdayEnd": "17:0", "thursdayStart": "6:30", "thursdayEnd": "22:0", "fridayStart": "6:30", "fridayEnd": "22:0", "saturdayStart": "6:30", "saturdayEnd": "22:0", "sundayStart": "6:30", "sundayEnd": "22:0"}
{"business_id": "fnaDx7UD4MiodQlgYHDwsQ", "name": "Dragon Palace", "address": "13825 N 32nd St", "city": "Phoenix", "state": "AZ", "postal_code": "85032", "latitude": 33.6124852, "longitude": -112.012193, "stars": "4.0", "categories": ["Restaurants", "Chinese"], "mondayStart": "17:0", "mondayEnd": "21:30", "tuesdayStart": "17:0", "tuesdayEnd": "21:30", "wednesdayStart": "17:0", "wednesdayEnd": "21:30", "thursdayStart": "17:0", "thursdayEnd": "21:30", "fridayStart": "17:0", "fridayEnd": "21:30", "saturdayStart": "14:0", "saturdayEnd": "21:30", "sundayStart": "16:0", "sundayEnd": "21:0"}
