{"caption": "image taken from http://www.nybagelsnbialys.com/", "photo_id": "LEFRlQXfHhUqFO0rLISMDw", "business_id": "ncXQtqJT5Gk1QztwTrBrgw", "label": "food"}
{"caption": "Dragon Palace Take-out - BBQ Pork, Sauteed Happy Family, Mongolian Beef", "photo_id": "xU3UNsPvSl_HjPUIIws-bg", "business_id": "fnaDx7UD4MiodQlgYHDwsQ", "label": "food"}
{"caption": "Paella", "photo_id": "pIm7PkC6iD37tw5ZFUIMXA", "business_id": "TJcmYoyhMvgMj9YmtvGuPg", "label": "food"}
{"caption": "", "photo_id": "ITB2a0NiPpTMMAfR8fZScA", "business_id": "TP6hgLCNGkqjFne9nCfaiA", "label": "food"}
{"caption": "", "photo_id": "N2gn9Jgbn0Lkta41osvnPQ", "business_id": "TP6hgLCNGkqjFne9nCfaiA", "label": "food"}
{"caption": "", "photo_id": "OilbdaKOG0fA8U1pA-8gKg", "business_id": "TP6hgLCNGkqjFne9nCfaiA", "label": "food"}
{"caption": "", "photo_id": "PFvZzDP0gltMB2oSv3BE-A", "business_id": "JS9kiCf8YuHWbCnHQDSkrA", "label": "food"}
{"caption": "", "photo_id": "GQPIS4astzsbEHRbJrL1Ww", "business_id": "JS9kiCf8YuHWbCnHQDSkrA", "label": "food"}
{"caption": "Lamb Chops", "photo_id": "VeO4RauHGXxKCnZeFfEEXA", "business_id": "JS9kiCf8YuHWbCnHQDSkrA", "label": "food"}
{"caption": "Bourbon Chicken", "photo_id": "vQlek4dnAgJ2tHIzYUT6Xw", "business_id": "G7Ull-QUaNXyPwtEErHZ8g", "label": "food"}
{"caption": "", "photo_id": "FxXaeij2RLIK3BM1VkSwAQ", "business_id": "4yIOZXIYJiQlkqW_MUtVgQ", "label": "food"}
{"caption": "", "photo_id": "flXTqhne2idoqKeqC8vsJg", "business_id": "dUffgo9Lh_Vk9TLuFR5ywg", "label": "food"}
{"caption": "", "photo_id": "so32dHsRm_Kjb4-kr8tefA", "business_id": "NpFtNc51LaZr8Y5_o2wRaw", "label": "food"}
{"caption": "Boston Market Half Chicken Dinner", "photo_id": "krOm6uv6ciJjIQ_XxWPuTQ", "business_id": "4FFhq0e4bxAG4uXqgT14jQ", "label": "food"}
{"caption": "", "photo_id": "XpJlHx8R42yj2aQ9pYRC6g", "business_id": "3F-QdXzNob9wSYxowp4Xcg", "label": "food"}
{"caption": "Caprese salad", "photo_id": "E7EaZDBz6EzCSU_4_8fn9g", "business_id": "jAO8qYbiYZNbmhK8Knr9Mg", "label": "food"}
{"caption": "Delicious Hong Kong style rice noodles! It's soooo CHOW FUN!", "photo_id": "rDh6zx9ocCp5ufy4LEgyGw", "business_id": "sQ6DZZLLJRfwUr0eDWKDDg", "label": "food"}
{"caption": "Nice Easter Sunday at Oregano's", "photo_id": "4yha1LkbtAonaq4xr4TH4w", "business_id": "dUffgo9Lh_Vk9TLuFR5ywg", "label": "food"}
{"caption": "Biting that Teriyaki Char!", "photo_id": "1R_hUREkUoIIbWR8vUPiOQ", "business_id": "4yIOZXIYJiQlkqW_MUtVgQ", "label": "food"}
{"caption": "", "photo_id": "r2ay5hVsGrRYN5d5GEag8Q", "business_id": "orypdwCu2oSEJv3YNTSAhw", "label": "food"}
{"caption": "", "photo_id": "gFghemiO9G3IbTcLS4RZ0Q", "business_id": "orypdwCu2oSEJv3YNTSAhw", "label": "food"}
{"caption": "", "photo_id": "6aYl95cOkXk7_vq0w93O1Q", "business_id": "orypdwCu2oSEJv3YNTSAhw", "label": "food"}
{"caption": "Santa Barbara Cobb Salad", "photo_id": "nkBgGkbEH2GnUKXnEkBGgQ", "business_id": "4yIOZXIYJiQlkqW_MUtVgQ", "label": "food"}
{"caption": "", "photo_id": "7LBolpz6sMl4UD5ACECB4Q", "business_id": "UY3MJUfAvWTDLM1zVdpa3w", "label": "food"}
{"caption": "Lengua, pastor & chiwas tacos.", "photo_id": "6VfOKG8yTkCQgzrmYQbW8A", "business_id": "9vub2LM7Djy8P-LPumcLXA", "label": "food"}
{"caption": "Crispy Shrimp", "photo_id": "SBHcmE3AosbGgOA__TDQ0w", "business_id": "G_1M9_yX5ThAROn1zKKpQg", "label": "food"}
{"caption": "Chicken Egg Rolls", "photo_id": "pRGsqyiXTe2PUB0towhS_g", "business_id": "G_1M9_yX5ThAROn1zKKpQg", "label": "food"}
{"caption": "Chicken Egg Rolls", "photo_id": "BL7lfKq2_JHMgOeh5tIIvg", "business_id": "5XIIUcmBADuz1h8W0QztVQ", "label": "food"}
{"caption": "Kung Pao Chicken and Grilled Teriyaki Chicken Plate", "photo_id": "F1JL2x6gU3x5vaVM1XPMyQ", "business_id": "5XIIUcmBADuz1h8W0QztVQ", "label": "food"}
{"caption": "Broccoli Beef", "photo_id": "A_LMOCr7n7NG78h06THwVg", "business_id": "G_1M9_yX5ThAROn1zKKpQg", "label": "food"}
{"caption": "I really like the burrito and the salsa.", "photo_id": "h5z0W1g99JVoVC00EBegmg", "business_id": "7_YOEQXlrbGpF9t9TPG_nQ", "label": "food"}
{"caption": "Charro Bean Soup", "photo_id": "ayKQrRDLrm4AHArqRlTAyA", "business_id": "9vub2LM7Djy8P-LPumcLXA", "label": "food"}
{"caption": "Asada, Pastor, & Chiwas", "photo_id": "TYhbAsQic_0v49JS9bVpLA", "business_id": "9vub2LM7Djy8P-LPumcLXA", "label": "food"}
{"caption": "Kids cheese burger", "photo_id": "hGeCejgtdqtZYLI3CqmsLA", "business_id": "lKvNwcSr8l2iGigLonP-jw", "label": "food"}
{"caption": "Cheese Pizza", "photo_id": "Jx771d6iKugzeLtlnTvXpg", "business_id": "dUffgo9Lh_Vk9TLuFR5ywg", "label": "food"}
{"caption": "", "photo_id": "ms2rU2DAc0h_Tl7HHxdx5g", "business_id": "fnaDx7UD4MiodQlgYHDwsQ", "label": "food"}
{"caption": "Banana Fritters to wrap it up.", "photo_id": "1W5KdW-5v3VB2TT3J-IRuA", "business_id": "fnaDx7UD4MiodQlgYHDwsQ", "label": "food"}
{"caption": "Tacos and Bean Soup", "photo_id": "jKie79oi5uGFsygqHOJRBQ", "business_id": "9vub2LM7Djy8P-LPumcLXA", "label": "food"}
{"caption": "That's a burger made with........ love?", "photo_id": "TVkrdEjKCri9R3-y2jAJ-A", "business_id": "0yHY4FHCTOIshPiPc9EYBQ", "label": "food"}
{"caption": "Pepperoni pizza and Pablo Picasso salad.", "photo_id": "qssA61cileHEJdToy2FG0g", "business_id": "dUffgo9Lh_Vk9TLuFR5ywg", "label": "food"}
{"caption": "Peparoni", "photo_id": "Js8XFsMVHJEdfnChZhpMvw", "business_id": "n-m449doCYEPAb5ux3dmVg", "label": "food"}
{"caption": "", "photo_id": "bebinkXBmh6w2fpG0gwgQQ", "business_id": "7_YOEQXlrbGpF9t9TPG_nQ", "label": "food"}
{"caption": "", "photo_id": "l2YCdJE_fO-IKnEUsEPm2A", "business_id": "7_YOEQXlrbGpF9t9TPG_nQ", "label": "food"}
{"caption": "", "photo_id": "cM-kC0Y_hAjq29yECTxeXA", "business_id": "7_YOEQXlrbGpF9t9TPG_nQ", "label": "food"}
{"caption": "", "photo_id": "-yfMjcwVsubsTQCSWtuSIA", "business_id": "7_YOEQXlrbGpF9t9TPG_nQ", "label": "food"}
{"caption": "", "photo_id": "hVDu6LpO6jUbnGFiRHp64w", "business_id": "7_YOEQXlrbGpF9t9TPG_nQ", "label": "food"}
{"caption": "", "photo_id": "vVNf9jE24dtdtRFpC1L9aA", "business_id": "7_YOEQXlrbGpF9t9TPG_nQ", "label": "food"}
{"caption": "", "photo_id": "nKWsDTbVIcH5YgKogrLMQw", "business_id": "7_YOEQXlrbGpF9t9TPG_nQ", "label": "food"}
{"caption": "", "photo_id": "nHtVm_gzPP7Eiv2xmHkwIQ", "business_id": "7_YOEQXlrbGpF9t9TPG_nQ", "label": "food"}
{"caption": "", "photo_id": "vVuBgN4Jd37tV5_INtfyTg", "business_id": "7_YOEQXlrbGpF9t9TPG_nQ", "label": "food"}
{"caption": "", "photo_id": "XIET-y5x2p_s3NeKlIjHDA", "business_id": "7_YOEQXlrbGpF9t9TPG_nQ", "label": "food"}
{"caption": "", "photo_id": "WjT1oK4CubKqdKCHwWugKA", "business_id": "7_YOEQXlrbGpF9t9TPG_nQ", "label": "food"}
{"caption": "", "photo_id": "1-Xytw74Wk4m8eV1aOcDDg", "business_id": "7_YOEQXlrbGpF9t9TPG_nQ", "label": "food"}
{"caption": "", "photo_id": "NuOh2Hd5f7LTpFq9qX6OWw", "business_id": "7_YOEQXlrbGpF9t9TPG_nQ", "label": "food"}
{"caption": "", "photo_id": "T1kNtgE89X37Kjg8WlIugg", "business_id": "7_YOEQXlrbGpF9t9TPG_nQ", "label": "food"}
{"caption": "", "photo_id": "qnNka8AaL8aVBIGxYmJzmg", "business_id": "7_YOEQXlrbGpF9t9TPG_nQ", "label": "food"}
{"caption": "", "photo_id": "rl4iAKy6CJ6DSDxwHvVaQA", "business_id": "ksZfCKQHYdCu0e8KbMuBDg", "label": "food"}
{"caption": "Margherita Focaccia", "photo_id": "i_kZMP8NJJ2Dwtp2j7at2Q", "business_id": "ksZfCKQHYdCu0e8KbMuBDg", "label": "food"}
{"caption": "", "photo_id": "06QUPZ0v5hwuaKT8Ox-hVg", "business_id": "sQ6DZZLLJRfwUr0eDWKDDg", "label": "food"}
{"caption": "Alfredo in the Dark: To-Go", "photo_id": "kEV53alSBgmqwE-7KHaQ9Q", "business_id": "dUffgo9Lh_Vk9TLuFR5ywg", "label": "food"}
{"caption": "Doesn't look like 1/2 and 1/2 to me", "photo_id": "KFw0Zl4C5BcgP6OphSC7RA", "business_id": "5XIIUcmBADuz1h8W0QztVQ", "label": "food"}
{"caption": "", "photo_id": "qTKtE8UoUEP6jwE-Vb0lYA", "business_id": "RtezzamKiC6Y607SJuqQIA", "label": "food"}
{"caption": "", "photo_id": "iERyxEILheI9WsofeqFVpA", "business_id": "RtezzamKiC6Y607SJuqQIA", "label": "food"}
{"caption": "", "photo_id": "akCidXTjBUsxCV_xRk-KSQ", "business_id": "UY3MJUfAvWTDLM1zVdpa3w", "label": "food"}
{"caption": "#3 days in a row!#Don't stop till you get enough!#After Party Song by Koffee Brown!#TicTacToe#2 Players!#1 Place#Multiple times!", "photo_id": "HnCU34c2UQ4zEE4cE5pdNQ", "business_id": "fmke0ozj83GAebHEdbnlfw", "label": "food"}
{"caption": "McDonald's All Day Breakfast Sandwiches", "photo_id": "67gcpusLVEIZbIecrsjRJw", "business_id": "zLHOG9ty0OcXSQ6iy2BwwA", "label": "food"}
{"caption": "McDonald's Dessert Menu Items", "photo_id": "Gd_pDgtcqihxlenCqDc96g", "business_id": "zLHOG9ty0OcXSQ6iy2BwwA", "label": "food"}
{"caption": "McDonald's All Day Breakfast Menu Items", "photo_id": "cwsX_8I2Oji9jcgCZQXFyw", "business_id": "zLHOG9ty0OcXSQ6iy2BwwA", "label": "food"}
{"caption": "McDonald's Buttermilk Crispy Chicken Sandwich Extra Value Meal", "photo_id": "EEohuD5YhJWF8B5yzXpu1w", "business_id": "zLHOG9ty0OcXSQ6iy2BwwA", "label": "food"}
{"caption": "McDonald's Chicken & Fish Menu Items", "photo_id": "cWN_ggsAzO7Z-xn7HrhfSg", "business_id": "zLHOG9ty0OcXSQ6iy2BwwA", "label": "food"}
{"caption": "McDonald's Big Breakfast: biscuit, scrambled eggs, hot sausage, and hash browns.", "photo_id": "Mq_wjU8z5tuQ24lODnp8CA", "business_id": "zLHOG9ty0OcXSQ6iy2BwwA", "label": "food"}
{"caption": "McDonald's Snacks & Sides Menu Items", "photo_id": "PYYu1napWKFL3RUz6UlhwQ", "business_id": "zLHOG9ty0OcXSQ6iy2BwwA", "label": "food"}
{"caption": "Had too! It's so perfect.", "photo_id": "f5Wcr34-6LYyFrD8GOA0zQ", "business_id": "RtezzamKiC6Y607SJuqQIA", "label": "food"}
{"caption": "Croque Madame - Ham and Gruyere on our housemade bread, topped with bechamel and a fried egg.", "photo_id": "kV0aFnZvUaRnnedPtXQCPQ", "business_id": "fyJAqmweGm8VXnpU4CWGNw", "label": "food"}
{"caption": "The Chicken Sandwich - Crispy chicken breast, lettuce, tomato, blue cheese spread and honey hot sauce.", "photo_id": "EpN7VgKg9DHJId9v_-quiA", "business_id": "fyJAqmweGm8VXnpU4CWGNw", "label": "food"}
{"caption": "Pear almond tart.", "photo_id": "tQzmw2vKM0iQ35yf0dZhqg", "business_id": "fyJAqmweGm8VXnpU4CWGNw", "label": "food"}
{"caption": "Crab Canape - Lumb blue crab in sizzling butter served with toasted baguette. Featured nightly on our small plates menu.", "photo_id": "XT-vEj7cy0fzeYfHtXcVdg", "business_id": "fyJAqmweGm8VXnpU4CWGNw", "label": "food"}
{"caption": "", "photo_id": "Wh8E3q0ztVb9JRnms7kK0g", "business_id": "jxaF8MS1rrHEXfw-IyV5Fw", "label": "food"}
{"caption": "", "photo_id": "TrZsDJoLpUMWRNU0wITDoQ", "business_id": "jxaF8MS1rrHEXfw-IyV5Fw", "label": "food"}
{"caption": "", "photo_id": "LEG1Tdcb-eNPxWSfG57tFg", "business_id": "jxaF8MS1rrHEXfw-IyV5Fw", "label": "food"}
{"caption": "", "photo_id": "T0O9SwpkFNGPj4Yydypz3g", "business_id": "jxaF8MS1rrHEXfw-IyV5Fw", "label": "food"}
{"caption": "", "photo_id": "RpZ50E4BAcVLE5C-XrAIvg", "business_id": "jxaF8MS1rrHEXfw-IyV5Fw", "label": "food"}
{"caption": "", "photo_id": "2t0jlKfZg_Qd41vTpYqgLg", "business_id": "jxaF8MS1rrHEXfw-IyV5Fw", "label": "food"}
{"caption": "", "photo_id": "FTiiwpN3WvKZvreRtia9GA", "business_id": "jxaF8MS1rrHEXfw-IyV5Fw", "label": "food"}
{"caption": "", "photo_id": "HyOdBsDmjvDPOBLInZGh8w", "business_id": "jxaF8MS1rrHEXfw-IyV5Fw", "label": "food"}
{"caption": "", "photo_id": "to2Pe2ZxObsu7XN2m0PcZw", "business_id": "jxaF8MS1rrHEXfw-IyV5Fw", "label": "food"}
{"caption": "", "photo_id": "CMn_VOu9JlF7eiLJQdidfA", "business_id": "jxaF8MS1rrHEXfw-IyV5Fw", "label": "food"}
{"caption": "", "photo_id": "lykvd8CQJ9fb4NLkdurABg", "business_id": "jxaF8MS1rrHEXfw-IyV5Fw", "label": "food"}
{"caption": "", "photo_id": "dbhFaQRCfUMa730Kux741g", "business_id": "jxaF8MS1rrHEXfw-IyV5Fw", "label": "food"}
{"caption": "", "photo_id": "R1Z1ArI00jj3lCYI6IgaZA", "business_id": "jxaF8MS1rrHEXfw-IyV5Fw", "label": "food"}
{"caption": "", "photo_id": "3ls5Gm-e5ZMEHt0MHuzBuA", "business_id": "jxaF8MS1rrHEXfw-IyV5Fw", "label": "food"}
{"caption": "", "photo_id": "KoU9BplGIitKbgEoADIheg", "business_id": "jxaF8MS1rrHEXfw-IyV5Fw", "label": "food"}
{"caption": "", "photo_id": "y-XqGvTCxPMIxqN257FTzQ", "business_id": "jxaF8MS1rrHEXfw-IyV5Fw", "label": "food"}
{"caption": "", "photo_id": "uFIi3ZTXITjOHvevsvhGvg", "business_id": "jxaF8MS1rrHEXfw-IyV5Fw", "label": "food"}
{"caption": "", "photo_id": "X0MuQLmC_eMelBI5X-pkAw", "business_id": "zLHOG9ty0OcXSQ6iy2BwwA", "label": "food"}
{"caption": "#8: dol-sot bibimbap (hot stone pot)", "photo_id": "ViQPgDcBBm_pFZO3YwBSDg", "business_id": "65e61KHNShcDeRixzJ6o2Q", "label": "food"}
{"caption": "", "photo_id": "4tYyQh87FWz-XGpRxBndYQ", "business_id": "dUffgo9Lh_Vk9TLuFR5ywg", "label": "food"}
{"caption": "", "photo_id": "Q34YVnNEzFg78LE0zSn8lQ", "business_id": "dUffgo9Lh_Vk9TLuFR5ywg", "label": "food"}
{"caption": "", "photo_id": "JfBEYLZvUR15i3_LiQVTbA", "business_id": "dUffgo9Lh_Vk9TLuFR5ywg", "label": "food"}
{"caption": "", "photo_id": "YWo9whXfUgGHUpqLJL0olA", "business_id": "jxaF8MS1rrHEXfw-IyV5Fw", "label": "food"}
{"caption": "Don't eat at Filiberto's in Cave Creek! Horrible reviews! The dried grizzle from a week ago made my husband gag when he tried the taco.", "photo_id": "VB7Waikrem1xHBM7o9BC3w", "business_id": "jxaF8MS1rrHEXfw-IyV5Fw", "label": "food"}
{"caption": "", "photo_id": "BBZNz9csc4zpc26D70aBrA", "business_id": "jWxM8FeoW2f4w5mD-z_8kw", "label": "food"}
{"caption": "", "photo_id": "MFrDprlr4BoHqGbIE0mQ1Q", "business_id": "zLHOG9ty0OcXSQ6iy2BwwA", "label": "food"}
{"caption": "Jerk chicken", "photo_id": "YOzazbcO9dCoDd8c1QN4dw", "business_id": "yt1C94WXeUokPsjyqWWaiQ", "label": "food"}
{"caption": "", "photo_id": "yg0gsUPcQfsMZe_KV85oJw", "business_id": "orypdwCu2oSEJv3YNTSAhw", "label": "food"}
{"caption": "", "photo_id": "EpwLTln6PObA0seP9kXFsw", "business_id": "65e61KHNShcDeRixzJ6o2Q", "label": "food"}
{"caption": "", "photo_id": "lh3EtxDbbf-upjuzM87SnQ", "business_id": "65e61KHNShcDeRixzJ6o2Q", "label": "food"}
{"caption": "", "photo_id": "H_BFQf6GDVrWYzQPE8FIAw", "business_id": "65e61KHNShcDeRixzJ6o2Q", "label": "food"}
{"caption": "", "photo_id": "eNzBfcIZpszKnGWKPreB4g", "business_id": "65e61KHNShcDeRixzJ6o2Q", "label": "food"}
{"caption": "", "photo_id": "Ac7xsclsg9taup2Iy06tkg", "business_id": "65e61KHNShcDeRixzJ6o2Q", "label": "food"}
{"caption": "", "photo_id": "ZfjfO6-WnZWz3UJ7TBfZIQ", "business_id": "65e61KHNShcDeRixzJ6o2Q", "label": "food"}
{"caption": "", "photo_id": "qv5kfaQqqcCGmOdAOFZ-bg", "business_id": "G7Ull-QUaNXyPwtEErHZ8g", "label": "food"}
{"caption": "", "photo_id": "o2RJ_j4r3yd2uwFjBugxkg", "business_id": "fmke0ozj83GAebHEdbnlfw", "label": "food"}
{"caption": "", "photo_id": "KNtGkEaPbiSeehomiapDpw", "business_id": "fmke0ozj83GAebHEdbnlfw", "label": "food"}
{"caption": "", "photo_id": "99UhPdHBcagxEW-vxff4og", "business_id": "fmke0ozj83GAebHEdbnlfw", "label": "food"}
{"caption": "", "photo_id": "0UGxy8hGLmPfYHi4r_vM7g", "business_id": "fmke0ozj83GAebHEdbnlfw", "label": "food"}
{"caption": "", "photo_id": "dN7P-p_RdU1dR6Q0Fmtf9Q", "business_id": "fmke0ozj83GAebHEdbnlfw", "label": "food"}
{"caption": "", "photo_id": "VpshnoOR5kSzOzbimU0Pyg", "business_id": "fmke0ozj83GAebHEdbnlfw", "label": "food"}
{"caption": "", "photo_id": "0yyPx4yV3OloXxRhb49YIw", "business_id": "fmke0ozj83GAebHEdbnlfw", "label": "food"}
{"caption": "", "photo_id": "NR-ZcpG_4z7VJg63rLd3bA", "business_id": "zLHOG9ty0OcXSQ6iy2BwwA", "label": "food"}
{"caption": "", "photo_id": "JkvyccjAaL5EeaspzIBB5A", "business_id": "zLHOG9ty0OcXSQ6iy2BwwA", "label": "food"}
{"caption": "", "photo_id": "-OU4ggxjpByJEwJ26Pdz3Q", "business_id": "zLHOG9ty0OcXSQ6iy2BwwA", "label": "food"}
{"caption": "Rubbery Kung pao chicken", "photo_id": "y6qLq7X8ZMTVyKljOF4tCA", "business_id": "fnaDx7UD4MiodQlgYHDwsQ", "label": "food"}
{"caption": "Sad day with no cream cheese :(", "photo_id": "Q4FCggnZz1H0nn6uMVtNVA", "business_id": "6MKdilxYLP3W02wnu3UFmQ", "label": "food"}
{"caption": "Inside the potsticker (stale today)", "photo_id": "Q1g3td-i_mulrzqiH7d9-g", "business_id": "sQ6DZZLLJRfwUr0eDWKDDg", "label": "food"}
{"caption": "#8 Dol Bot Bibimbap without meat", "photo_id": "-PmOGwRy4SfO64eD0a1rCg", "business_id": "65e61KHNShcDeRixzJ6o2Q", "label": "food"}
{"caption": "Crab puffs", "photo_id": "OLsn3OBk1OmKzNMuzeWQQQ", "business_id": "sQ6DZZLLJRfwUr0eDWKDDg", "label": "food"}
{"caption": "Mongolian beef", "photo_id": "SBnmFFzB8blgdo-MsrsBfg", "business_id": "sQ6DZZLLJRfwUr0eDWKDDg", "label": "food"}
{"caption": "", "photo_id": "toimsfGxeF7Ab_luyIdn1Q", "business_id": "jWxM8FeoW2f4w5mD-z_8kw", "label": "food"}
{"caption": "Delicious Steak Kabob. OMG it was so good", "photo_id": "g6Se75bp162vJXOCAPANhA", "business_id": "fmke0ozj83GAebHEdbnlfw", "label": "food"}
{"caption": "", "photo_id": "w7qHrKrAJ6sXdrP4vbrCVg", "business_id": "zLHOG9ty0OcXSQ6iy2BwwA", "label": "food"}
{"caption": "", "photo_id": "zqcqi7-CKsE3Hev6586dMw", "business_id": "zLHOG9ty0OcXSQ6iy2BwwA", "label": "food"}
{"caption": "", "photo_id": "QR82x9sAWCzE0adNS090nw", "business_id": "zLHOG9ty0OcXSQ6iy2BwwA", "label": "food"}
{"caption": "Meatloaf, mashed potatoes, creamed spinach & sweet potato casserole, corn bread", "photo_id": "cYSHauvGd0jAhvWsGzzUUQ", "business_id": "4FFhq0e4bxAG4uXqgT14jQ", "label": "food"}
{"caption": "Chicken bulgogi", "photo_id": "JophjqF8FIuKUI9CFeSJrQ", "business_id": "65e61KHNShcDeRixzJ6o2Q", "label": "food"}
{"caption": "Double Cheeseburger", "photo_id": "xDnjWsyTQv_UkEx125DX2g", "business_id": "WZe-1SFcErsOT7gZY_x6wQ", "label": "food"}
{"caption": "Chicken Cobb Salad w/ Fried Chicken", "photo_id": "4x2EFUtoj40OTL0Gf_AjKA", "business_id": "WZe-1SFcErsOT7gZY_x6wQ", "label": "food"}
{"caption": "Cali Club Sandwich", "photo_id": "D787mgljWgNkmH-e9BrrIQ", "business_id": "WZe-1SFcErsOT7gZY_x6wQ", "label": "food"}
{"caption": "NEW! Super Slampler", "photo_id": "reRZJYFLJEx_YqZPizM5jA", "business_id": "WZe-1SFcErsOT7gZY_x6wQ", "label": "food"}
{"caption": "NEW! Sunny-Topped Omelette", "photo_id": "JG4jPfIUDE8vd2cqL8n1Lw", "business_id": "WZe-1SFcErsOT7gZY_x6wQ", "label": "food"}
{"caption": "image taken from http://www.nybagelsnbialys.com/", "photo_id": "LEFRlQXfHhUqFO0rLISMDw", "business_id": "ncXQtqJT5Gk1QztwTrBrgw", "label": "food"}
{"caption": "Dragon Palace Take-out - BBQ Pork, Sauteed Happy Family, Mongolian Beef", "photo_id": "xU3UNsPvSl_HjPUIIws-bg", "business_id": "fnaDx7UD4MiodQlgYHDwsQ", "label": "food"}
{"caption": "", "photo_id": "ITB2a0NiPpTMMAfR8fZScA", "business_id": "TP6hgLCNGkqjFne9nCfaiA", "label": "food"}
{"caption": "", "photo_id": "N2gn9Jgbn0Lkta41osvnPQ", "business_id": "TP6hgLCNGkqjFne9nCfaiA", "label": "food"}
{"caption": "", "photo_id": "OilbdaKOG0fA8U1pA-8gKg", "business_id": "TP6hgLCNGkqjFne9nCfaiA", "label": "food"}
{"caption": "", "photo_id": "PFvZzDP0gltMB2oSv3BE-A", "business_id": "JS9kiCf8YuHWbCnHQDSkrA", "label": "food"}
{"caption": "", "photo_id": "GQPIS4astzsbEHRbJrL1Ww", "business_id": "JS9kiCf8YuHWbCnHQDSkrA", "label": "food"}
{"caption": "Lamb Chops", "photo_id": "VeO4RauHGXxKCnZeFfEEXA", "business_id": "JS9kiCf8YuHWbCnHQDSkrA", "label": "food"}
{"caption": "", "photo_id": "flXTqhne2idoqKeqC8vsJg", "business_id": "dUffgo9Lh_Vk9TLuFR5ywg", "label": "food"}
{"caption": "", "photo_id": "so32dHsRm_Kjb4-kr8tefA", "business_id": "NpFtNc51LaZr8Y5_o2wRaw", "label": "food"}
{"caption": "Caprese salad", "photo_id": "E7EaZDBz6EzCSU_4_8fn9g", "business_id": "jAO8qYbiYZNbmhK8Knr9Mg", "label": "food"}
{"caption": "Delicious Hong Kong style rice noodles! It's soooo CHOW FUN!", "photo_id": "rDh6zx9ocCp5ufy4LEgyGw", "business_id": "sQ6DZZLLJRfwUr0eDWKDDg", "label": "food"}
{"caption": "Nice Easter Sunday at Oregano's", "photo_id": "4yha1LkbtAonaq4xr4TH4w", "business_id": "dUffgo9Lh_Vk9TLuFR5ywg", "label": "food"}
{"caption": "Lengua, pastor & chiwas tacos.", "photo_id": "6VfOKG8yTkCQgzrmYQbW8A", "business_id": "9vub2LM7Djy8P-LPumcLXA", "label": "food"}
{"caption": "Crispy Shrimp", "photo_id": "SBHcmE3AosbGgOA__TDQ0w", "business_id": "G_1M9_yX5ThAROn1zKKpQg", "label": "food"}
{"caption": "Chicken Egg Rolls", "photo_id": "pRGsqyiXTe2PUB0towhS_g", "business_id": "G_1M9_yX5ThAROn1zKKpQg", "label": "food"}
{"caption": "Broccoli Beef", "photo_id": "A_LMOCr7n7NG78h06THwVg", "business_id": "G_1M9_yX5ThAROn1zKKpQg", "label": "food"}
{"caption": "Charro Bean Soup", "photo_id": "ayKQrRDLrm4AHArqRlTAyA", "business_id": "9vub2LM7Djy8P-LPumcLXA", "label": "food"}
{"caption": "Asada, Pastor, & Chiwas", "photo_id": "TYhbAsQic_0v49JS9bVpLA", "business_id": "9vub2LM7Djy8P-LPumcLXA", "label": "food"}
{"caption": "Cheese Pizza", "photo_id": "Jx771d6iKugzeLtlnTvXpg", "business_id": "dUffgo9Lh_Vk9TLuFR5ywg", "label": "food"}
{"caption": "", "photo_id": "ms2rU2DAc0h_Tl7HHxdx5g", "business_id": "fnaDx7UD4MiodQlgYHDwsQ", "label": "food"}
{"caption": "Banana Fritters to wrap it up.", "photo_id": "1W5KdW-5v3VB2TT3J-IRuA", "business_id": "fnaDx7UD4MiodQlgYHDwsQ", "label": "food"}
{"caption": "Tacos and Bean Soup", "photo_id": "jKie79oi5uGFsygqHOJRBQ", "business_id": "9vub2LM7Djy8P-LPumcLXA", "label": "food"}
{"caption": "That's a burger made with........ love?", "photo_id": "TVkrdEjKCri9R3-y2jAJ-A", "business_id": "0yHY4FHCTOIshPiPc9EYBQ", "label": "food"}
{"caption": "Pepperoni pizza and Pablo Picasso salad.", "photo_id": "qssA61cileHEJdToy2FG0g", "business_id": "dUffgo9Lh_Vk9TLuFR5ywg", "label": "food"}
{"caption": "Peparoni", "photo_id": "Js8XFsMVHJEdfnChZhpMvw", "business_id": "n-m449doCYEPAb5ux3dmVg", "label": "food"}
{"caption": "", "photo_id": "rl4iAKy6CJ6DSDxwHvVaQA", "business_id": "ksZfCKQHYdCu0e8KbMuBDg", "label": "food"}
{"caption": "Margherita Focaccia", "photo_id": "i_kZMP8NJJ2Dwtp2j7at2Q", "business_id": "ksZfCKQHYdCu0e8KbMuBDg", "label": "food"}
{"caption": "", "photo_id": "06QUPZ0v5hwuaKT8Ox-hVg", "business_id": "sQ6DZZLLJRfwUr0eDWKDDg", "label": "food"}
{"caption": "Alfredo in the Dark: To-Go", "photo_id": "kEV53alSBgmqwE-7KHaQ9Q", "business_id": "dUffgo9Lh_Vk9TLuFR5ywg", "label": "food"}
{"caption": "", "photo_id": "qTKtE8UoUEP6jwE-Vb0lYA", "business_id": "RtezzamKiC6Y607SJuqQIA", "label": "food"}
{"caption": "", "photo_id": "iERyxEILheI9WsofeqFVpA", "business_id": "RtezzamKiC6Y607SJuqQIA", "label": "food"}
{"caption": "McDonald's All Day Breakfast Sandwiches", "photo_id": "67gcpusLVEIZbIecrsjRJw", "business_id": "zLHOG9ty0OcXSQ6iy2BwwA", "label": "food"}
{"caption": "McDonald's Dessert Menu Items", "photo_id": "Gd_pDgtcqihxlenCqDc96g", "business_id": "zLHOG9ty0OcXSQ6iy2BwwA", "label": "food"}
{"caption": "McDonald's All Day Breakfast Menu Items", "photo_id": "cwsX_8I2Oji9jcgCZQXFyw", "business_id": "zLHOG9ty0OcXSQ6iy2BwwA", "label": "food"}
{"caption": "McDonald's Buttermilk Crispy Chicken Sandwich Extra Value Meal", "photo_id": "EEohuD5YhJWF8B5yzXpu1w", "business_id": "zLHOG9ty0OcXSQ6iy2BwwA", "label": "food"}
{"caption": "McDonald's Chicken & Fish Menu Items", "photo_id": "cWN_ggsAzO7Z-xn7HrhfSg", "business_id": "zLHOG9ty0OcXSQ6iy2BwwA", "label": "food"}
{"caption": "McDonald's Big Breakfast: biscuit, scrambled eggs, hot sausage, and hash browns.", "photo_id": "Mq_wjU8z5tuQ24lODnp8CA", "business_id": "zLHOG9ty0OcXSQ6iy2BwwA", "label": "food"}
{"caption": "McDonald's Snacks & Sides Menu Items", "photo_id": "PYYu1napWKFL3RUz6UlhwQ", "business_id": "zLHOG9ty0OcXSQ6iy2BwwA", "label": "food"}
{"caption": "Had too! It's so perfect.", "photo_id": "f5Wcr34-6LYyFrD8GOA0zQ", "business_id": "RtezzamKiC6Y607SJuqQIA", "label": "food"}
{"caption": "Croque Madame - Ham and Gruyere on our housemade bread, topped with bechamel and a fried egg.", "photo_id": "kV0aFnZvUaRnnedPtXQCPQ", "business_id": "fyJAqmweGm8VXnpU4CWGNw", "label": "food"}
{"caption": "The Chicken Sandwich - Crispy chicken breast, lettuce, tomato, blue cheese spread and honey hot sauce.", "photo_id": "EpN7VgKg9DHJId9v_-quiA", "business_id": "fyJAqmweGm8VXnpU4CWGNw", "label": "food"}
{"caption": "Pear almond tart.", "photo_id": "tQzmw2vKM0iQ35yf0dZhqg", "business_id": "fyJAqmweGm8VXnpU4CWGNw", "label": "food"}
{"caption": "Crab Canape - Lumb blue crab in sizzling butter served with toasted baguette. Featured nightly on our small plates menu.", "photo_id": "XT-vEj7cy0fzeYfHtXcVdg", "business_id": "fyJAqmweGm8VXnpU4CWGNw", "label": "food"}
{"caption": "", "photo_id": "X0MuQLmC_eMelBI5X-pkAw", "business_id": "zLHOG9ty0OcXSQ6iy2BwwA", "label": "food"}
{"caption": "#8: dol-sot bibimbap (hot stone pot)", "photo_id": "ViQPgDcBBm_pFZO3YwBSDg", "business_id": "65e61KHNShcDeRixzJ6o2Q", "label": "food"}
{"caption": "", "photo_id": "4tYyQh87FWz-XGpRxBndYQ", "business_id": "dUffgo9Lh_Vk9TLuFR5ywg", "label": "food"}
{"caption": "", "photo_id": "Q34YVnNEzFg78LE0zSn8lQ", "business_id": "dUffgo9Lh_Vk9TLuFR5ywg", "label": "food"}
{"caption": "", "photo_id": "JfBEYLZvUR15i3_LiQVTbA", "business_id": "dUffgo9Lh_Vk9TLuFR5ywg", "label": "food"}
{"caption": "", "photo_id": "MFrDprlr4BoHqGbIE0mQ1Q", "business_id": "zLHOG9ty0OcXSQ6iy2BwwA", "label": "food"}
{"caption": "", "photo_id": "EpwLTln6PObA0seP9kXFsw", "business_id": "65e61KHNShcDeRixzJ6o2Q", "label": "food"}
{"caption": "", "photo_id": "lh3EtxDbbf-upjuzM87SnQ", "business_id": "65e61KHNShcDeRixzJ6o2Q", "label": "food"}
{"caption": "", "photo_id": "H_BFQf6GDVrWYzQPE8FIAw", "business_id": "65e61KHNShcDeRixzJ6o2Q", "label": "food"}
{"caption": "", "photo_id": "eNzBfcIZpszKnGWKPreB4g", "business_id": "65e61KHNShcDeRixzJ6o2Q", "label": "food"}
{"caption": "", "photo_id": "Ac7xsclsg9taup2Iy06tkg", "business_id": "65e61KHNShcDeRixzJ6o2Q", "label": "food"}
{"caption": "", "photo_id": "ZfjfO6-WnZWz3UJ7TBfZIQ", "business_id": "65e61KHNShcDeRixzJ6o2Q", "label": "food"}
{"caption": "", "photo_id": "NR-ZcpG_4z7VJg63rLd3bA", "business_id": "zLHOG9ty0OcXSQ6iy2BwwA", "label": "food"}
{"caption": "", "photo_id": "JkvyccjAaL5EeaspzIBB5A", "business_id": "zLHOG9ty0OcXSQ6iy2BwwA", "label": "food"}
{"caption": "", "photo_id": "-OU4ggxjpByJEwJ26Pdz3Q", "business_id": "zLHOG9ty0OcXSQ6iy2BwwA", "label": "food"}
{"caption": "Rubbery Kung pao chicken", "photo_id": "y6qLq7X8ZMTVyKljOF4tCA", "business_id": "fnaDx7UD4MiodQlgYHDwsQ", "label": "food"}
{"caption": "Inside the potsticker (stale today)", "photo_id": "Q1g3td-i_mulrzqiH7d9-g", "business_id": "sQ6DZZLLJRfwUr0eDWKDDg", "label": "food"}
{"caption": "#8 Dol Bot Bibimbap without meat", "photo_id": "-PmOGwRy4SfO64eD0a1rCg", "business_id": "65e61KHNShcDeRixzJ6o2Q", "label": "food"}
{"caption": "Crab puffs", "photo_id": "OLsn3OBk1OmKzNMuzeWQQQ", "business_id": "sQ6DZZLLJRfwUr0eDWKDDg", "label": "food"}
{"caption": "Mongolian beef", "photo_id": "SBnmFFzB8blgdo-MsrsBfg", "business_id": "sQ6DZZLLJRfwUr0eDWKDDg", "label": "food"}
{"caption": "", "photo_id": "w7qHrKrAJ6sXdrP4vbrCVg", "business_id": "zLHOG9ty0OcXSQ6iy2BwwA", "label": "food"}
{"caption": "", "photo_id": "zqcqi7-CKsE3Hev6586dMw", "business_id": "zLHOG9ty0OcXSQ6iy2BwwA", "label": "food"}
{"caption": "", "photo_id": "QR82x9sAWCzE0adNS090nw", "business_id": "zLHOG9ty0OcXSQ6iy2BwwA", "label": "food"}
{"caption": "Chicken bulgogi", "photo_id": "JophjqF8FIuKUI9CFeSJrQ", "business_id": "65e61KHNShcDeRixzJ6o2Q", "label": "food"}
{"caption": "Double Cheeseburger", "photo_id": "xDnjWsyTQv_UkEx125DX2g", "business_id": "WZe-1SFcErsOT7gZY_x6wQ", "label": "food"}
{"caption": "Chicken Cobb Salad w/ Fried Chicken", "photo_id": "4x2EFUtoj40OTL0Gf_AjKA", "business_id": "WZe-1SFcErsOT7gZY_x6wQ", "label": "food"}
{"caption": "Cali Club Sandwich", "photo_id": "D787mgljWgNkmH-e9BrrIQ", "business_id": "WZe-1SFcErsOT7gZY_x6wQ", "label": "food"}
{"caption": "NEW! Super Slampler", "photo_id": "reRZJYFLJEx_YqZPizM5jA", "business_id": "WZe-1SFcErsOT7gZY_x6wQ", "label": "food"}
{"caption": "NEW! Sunny-Topped Omelette", "photo_id": "JG4jPfIUDE8vd2cqL8n1Lw", "business_id": "WZe-1SFcErsOT7gZY_x6wQ", "label": "food"}
